{
  "activity/baseline_rmse": 0.7053190266967146,
  "activity/baseline_spearman": 0.33662183645827104,
  "activity/frozen_feature_rmse": 0.6635090602180662,
  "activity/frozen_feature_spearman": 0.35836356578953726,
  "activity/latentglue_rmse": 0.5746494830574151,
  "activity/latentglue_spearman": 0.46786741905267687,
  "effective_dim/eval/esmc_mean_pool_effector": 212.60826110839844,
  "effective_dim/eval/esmc_mean_pool_target": 300.2425842285156,
  "effective_dim/eval/latentglue_effector": 499.0101623535156,
  "effective_dim/eval/latentglue_ligand": 657.9645385742188,
  "effective_dim/eval/latentglue_target": 528.4713134765625,
  "effective_dim/eval/molformer_xl_mean_pool_ligand": 632.6514892578125,
  "effective_dim/eval/projected_mean_effector": 531.58984375,
  "effective_dim/eval/projected_mean_ligand": 724.1258544921875,
  "effective_dim/eval/projected_mean_target": 587.0914916992188,
  "effective_dim/val/esmc_mean_pool_effector": 205.06051635742188,
  "effective_dim/val/esmc_mean_pool_target": 195.1321258544922,
  "effective_dim/val/latentglue_effector": 569.3831176757812,
  "effective_dim/val/latentglue_ligand": 648.8717041015625,
  "effective_dim/val/latentglue_target": 607.6272583007812,
  "effective_dim/val/molformer_xl_mean_pool_ligand": 640.9076538085938,
  "effective_dim/val/projected_mean_effector": 577.798828125,
  "effective_dim/val/projected_mean_ligand": 718.3519287109375,
  "effective_dim/val/projected_mean_target": 600.2698974609375,
  "uniformity/eval/esmc_mean_pool_effector": -0.08067744970321655,
  "uniformity/eval/esmc_mean_pool_target": -0.6198269724845886,
  "uniformity/eval/latentglue_effector": -0.1891806721687317,
  "uniformity/eval/latentglue_ligand": -1.4579867124557495,
  "uniformity/eval/latentglue_target": -1.453574538230896,
  "uniformity/eval/molformer_xl_mean_pool_ligand": -0.7597669959068298,
  "uniformity/eval/projected_mean_effector": -0.06877563148736954,
  "uniformity/eval/projected_mean_ligand": -0.6751201152801514,
  "uniformity/eval/projected_mean_target": -0.5281621813774109,
  "uniformity/val/esmc_mean_pool_effector": -0.1840481162071228,
  "uniformity/val/esmc_mean_pool_target": -0.14567217230796814,
  "uniformity/val/latentglue_effector": -0.2857889235019684,
  "uniformity/val/latentglue_ligand": -2.0157155990600586,
  "uniformity/val/latentglue_target": -0.3691025376319885,
  "uniformity/val/molformer_xl_mean_pool_ligand": -1.044201374053955,
  "uniformity/val/projected_mean_effector": -0.12025398015975952,
  "uniformity/val/projected_mean_ligand": -0.7807242274284363,
  "uniformity/val/projected_mean_target": -0.11875727772712708
}